ID,Language,Setting,Label
83910,EN,zero_shot,1
14692,EN,zero_shot,1
3378,EN,zero_shot,1
97296,EN,zero_shot,1
36148,EN,zero_shot,1
32198,EN,zero_shot,1
29356,EN,zero_shot,1
18389,EN,zero_shot,1
96630,EN,zero_shot,1
13534,EN,zero_shot,1
88796,EN,zero_shot,1
97180,EN,zero_shot,1
71582,EN,zero_shot,1
11495,EN,zero_shot,0
77497,EN,zero_shot,0
55402,EN,zero_shot,0
4265,EN,zero_shot,0
4005,EN,zero_shot,0
12380,EN,zero_shot,0
28757,EN,zero_shot,0
30595,EN,zero_shot,0
66337,EN,zero_shot,0
79007,EN,zero_shot,0
3578,EN,zero_shot,0
73663,EN,zero_shot,0
26162,EN,zero_shot,0
93950,EN,zero_shot,1
85281,EN,zero_shot,1
92024,EN,zero_shot,1
71526,EN,zero_shot,1
55087,EN,zero_shot,1
28993,EN,zero_shot,1
58978,EN,zero_shot,1
77336,EN,zero_shot,1
36563,EN,zero_shot,1
951,EN,zero_shot,1
99558,EN,zero_shot,1
21026,EN,zero_shot,1
91606,EN,zero_shot,1
55492,EN,zero_shot,1
44697,EN,zero_shot,1
36521,EN,zero_shot,1
20479,EN,zero_shot,1
28321,EN,zero_shot,0
44218,EN,zero_shot,0
13496,EN,zero_shot,0
12256,EN,zero_shot,0
49897,EN,zero_shot,0
12776,EN,zero_shot,0
47152,EN,zero_shot,0
45182,EN,zero_shot,0
79231,EN,zero_shot,0
34771,EN,zero_shot,0
5795,EN,zero_shot,0
95747,EN,zero_shot,1
60317,EN,zero_shot,1
70384,EN,zero_shot,1
16461,EN,zero_shot,1
49715,EN,zero_shot,0
10428,EN,zero_shot,0
72457,EN,zero_shot,0
38527,EN,zero_shot,0
82497,EN,zero_shot,0
81170,EN,zero_shot,0
47500,EN,zero_shot,0
75774,EN,zero_shot,0
25303,EN,zero_shot,0
92449,EN,zero_shot,0
9216,EN,zero_shot,0
6106,EN,zero_shot,0
86773,EN,zero_shot,1
29971,EN,zero_shot,1
38030,EN,zero_shot,1
10558,EN,zero_shot,1
30612,EN,zero_shot,1
13338,EN,zero_shot,1
49923,EN,zero_shot,1
36534,EN,zero_shot,1
59529,EN,zero_shot,1
83420,EN,zero_shot,1
47919,EN,zero_shot,1
21419,EN,zero_shot,1
48620,EN,zero_shot,1
46666,EN,zero_shot,1
27560,EN,zero_shot,1
87941,EN,zero_shot,1
35093,EN,zero_shot,1
92088,EN,zero_shot,0
89693,EN,zero_shot,0
85039,EN,zero_shot,1
9458,EN,zero_shot,0
79940,EN,zero_shot,1
83327,EN,zero_shot,1
22531,EN,zero_shot,1
70110,EN,zero_shot,1
95668,EN,zero_shot,1
32187,EN,zero_shot,1
21517,EN,zero_shot,1
60689,EN,zero_shot,0
49835,EN,zero_shot,1
35482,EN,zero_shot,1
83986,EN,zero_shot,1
90298,EN,zero_shot,1
73100,EN,zero_shot,1
28885,EN,zero_shot,1
89833,EN,zero_shot,1
42604,EN,zero_shot,1
7431,EN,zero_shot,0
30121,EN,zero_shot,0
4307,EN,zero_shot,0
41447,EN,zero_shot,0
52681,EN,zero_shot,0
35193,EN,zero_shot,0
8775,EN,zero_shot,0
27753,EN,zero_shot,0
74441,EN,zero_shot,0
94198,EN,zero_shot,0
41345,EN,zero_shot,0
27969,EN,zero_shot,0
86009,EN,zero_shot,0
65535,EN,zero_shot,0
51956,EN,zero_shot,0
84359,EN,zero_shot,1
60242,EN,zero_shot,1
18826,EN,zero_shot,1
34818,EN,zero_shot,1
18401,EN,zero_shot,1
32425,EN,zero_shot,1
97747,EN,zero_shot,1
73679,EN,zero_shot,1
70744,EN,zero_shot,1
34538,EN,zero_shot,1
98012,EN,zero_shot,1
76722,EN,zero_shot,1
56255,EN,zero_shot,1
76584,EN,zero_shot,1
52450,EN,zero_shot,1
47547,EN,zero_shot,1
28846,EN,zero_shot,1
18231,EN,zero_shot,0
66884,EN,zero_shot,1
64786,EN,zero_shot,1
12015,EN,zero_shot,1
99161,EN,zero_shot,1
6275,EN,zero_shot,1
14471,EN,zero_shot,1
20133,EN,zero_shot,1
82340,EN,zero_shot,1
21069,EN,zero_shot,1
89292,EN,zero_shot,1
55433,EN,zero_shot,1
78272,EN,zero_shot,1
8426,EN,zero_shot,1
50532,EN,zero_shot,0
50119,EN,zero_shot,1
78204,EN,zero_shot,1
61448,EN,zero_shot,1
69452,EN,zero_shot,1
33053,EN,zero_shot,1
72612,EN,zero_shot,1
1604,EN,zero_shot,0
89266,EN,zero_shot,0
94566,EN,zero_shot,0
15114,EN,zero_shot,1
89453,EN,zero_shot,0
70481,EN,zero_shot,0
98519,EN,zero_shot,0
35073,EN,zero_shot,0
84112,EN,zero_shot,0
44687,EN,zero_shot,0
14721,EN,zero_shot,1
38569,EN,zero_shot,0
57085,EN,zero_shot,0
20830,EN,zero_shot,1
59570,EN,zero_shot,1
525,EN,zero_shot,0
94746,EN,zero_shot,0
94429,EN,zero_shot,0
34622,EN,zero_shot,0
65712,EN,zero_shot,0
99971,EN,zero_shot,0
23516,EN,zero_shot,0
66642,EN,zero_shot,0
14047,EN,zero_shot,0
82059,EN,zero_shot,0
39217,EN,zero_shot,0
83848,EN,zero_shot,0
66640,EN,zero_shot,0
79918,EN,zero_shot,0
26171,EN,zero_shot,1
20132,EN,zero_shot,1
49109,EN,zero_shot,0
21274,EN,zero_shot,0
70797,EN,zero_shot,0
69614,EN,zero_shot,0
174,EN,zero_shot,0
78604,EN,zero_shot,0
42587,EN,zero_shot,0
64142,EN,zero_shot,0
2652,EN,zero_shot,0
14762,EN,zero_shot,0
47676,EN,zero_shot,0
40406,EN,zero_shot,1
31485,EN,zero_shot,1
7692,EN,zero_shot,1
31671,EN,zero_shot,1
74464,EN,zero_shot,0
10422,EN,zero_shot,0
11326,EN,zero_shot,0
96032,EN,zero_shot,0
63799,EN,zero_shot,0
9171,EN,zero_shot,0
99793,EN,zero_shot,0
69922,EN,zero_shot,0
16583,EN,zero_shot,0
16928,EN,zero_shot,0
86574,EN,zero_shot,0
62396,EN,zero_shot,0
72163,EN,zero_shot,0
21743,EN,zero_shot,0
34841,EN,zero_shot,1
69263,EN,zero_shot,0
79607,EN,zero_shot,0
55561,EN,zero_shot,0
27860,EN,zero_shot,0
70786,EN,zero_shot,0
99094,EN,zero_shot,0
95773,EN,zero_shot,0
90522,EN,zero_shot,0
26465,EN,zero_shot,0
93547,EN,zero_shot,0
40957,EN,zero_shot,0
52396,EN,zero_shot,0
88139,EN,zero_shot,0
85280,EN,zero_shot,0
49044,EN,zero_shot,0
57522,EN,zero_shot,0
67939,EN,zero_shot,0
59277,EN,zero_shot,0
15960,EN,zero_shot,0
32593,EN,zero_shot,0
29551,EN,zero_shot,0
8492,EN,zero_shot,0
44413,EN,zero_shot,0
2857,EN,zero_shot,0
77210,EN,zero_shot,0
72703,EN,zero_shot,0
30261,EN,zero_shot,0
77228,EN,zero_shot,1
28964,EN,zero_shot,1
1042,EN,zero_shot,1
9405,EN,zero_shot,1
92878,EN,zero_shot,1
82819,EN,zero_shot,1
7816,EN,zero_shot,1
30107,EN,zero_shot,1
8934,EN,zero_shot,1
4217,EN,zero_shot,1
43409,EN,zero_shot,1
9387,EN,zero_shot,0
67491,EN,zero_shot,0
31295,EN,zero_shot,1
36600,EN,zero_shot,1
87784,EN,zero_shot,1
63724,EN,zero_shot,1
28180,EN,zero_shot,1
70778,EN,zero_shot,1
17442,EN,zero_shot,1
94911,EN,zero_shot,1
74947,EN,zero_shot,1
75625,EN,zero_shot,1
62053,EN,zero_shot,1
31950,EN,zero_shot,1
62093,EN,zero_shot,1
53454,EN,zero_shot,1
25057,EN,zero_shot,1
12463,EN,zero_shot,1
12804,EN,zero_shot,1
86474,EN,zero_shot,1
56598,EN,zero_shot,0
46538,EN,zero_shot,1
55619,EN,zero_shot,1
53983,EN,zero_shot,0
61313,EN,zero_shot,1
95661,EN,zero_shot,1
7200,EN,zero_shot,0
88359,EN,zero_shot,1
85749,EN,zero_shot,1
84796,EN,zero_shot,0
12999,EN,zero_shot,0
8044,EN,zero_shot,0
52872,EN,zero_shot,0
95548,EN,zero_shot,0
44573,EN,zero_shot,1
14422,EN,zero_shot,1
32691,EN,zero_shot,1
25212,EN,zero_shot,1
25031,EN,zero_shot,1
70392,EN,zero_shot,1
58900,EN,zero_shot,1
18473,EN,zero_shot,1
55396,EN,zero_shot,1
24150,EN,zero_shot,1
36609,EN,zero_shot,1
60737,EN,zero_shot,1
32842,EN,zero_shot,1
9980,EN,zero_shot,1
58182,EN,zero_shot,1
72232,EN,zero_shot,1
12933,EN,zero_shot,0
6730,EN,zero_shot,0
85577,EN,zero_shot,0
70955,EN,zero_shot,0
2034,EN,zero_shot,0
12324,EN,zero_shot,0
98871,EN,zero_shot,0
31082,EN,zero_shot,1
21898,EN,zero_shot,0
53369,EN,zero_shot,0
63753,EN,zero_shot,0
63192,EN,zero_shot,0
28116,EN,zero_shot,1
52665,EN,zero_shot,1
7785,EN,zero_shot,1
21679,EN,zero_shot,1
49772,EN,zero_shot,1
382,EN,zero_shot,1
51273,EN,zero_shot,1
34860,EN,zero_shot,1
59738,EN,zero_shot,1
37488,EN,zero_shot,1
55544,EN,zero_shot,1
91403,EN,zero_shot,1
95848,EN,zero_shot,1
72945,EN,zero_shot,1
86852,EN,zero_shot,1
94263,EN,zero_shot,1
63888,EN,zero_shot,0
20389,EN,zero_shot,1
24990,EN,zero_shot,1
38990,EN,zero_shot,0
28634,EN,zero_shot,1
7765,EN,zero_shot,0
76014,EN,zero_shot,0
96534,EN,zero_shot,0
71166,EN,zero_shot,0
8089,EN,zero_shot,0
98138,EN,zero_shot,0
41204,EN,zero_shot,0
7592,EN,zero_shot,0
6672,EN,zero_shot,1
76669,EN,zero_shot,0
62593,EN,zero_shot,0
66009,EN,zero_shot,0
69715,EN,zero_shot,0
20735,EN,zero_shot,0
7555,EN,zero_shot,1
66662,EN,zero_shot,1
10600,EN,zero_shot,1
24456,EN,zero_shot,1
9081,EN,zero_shot,1
78092,EN,zero_shot,1
9007,EN,zero_shot,1
88601,EN,zero_shot,1
30928,EN,zero_shot,1
53023,EN,zero_shot,1
15813,EN,zero_shot,1
74768,EN,zero_shot,1
32371,EN,zero_shot,1
75980,EN,zero_shot,1
78024,EN,zero_shot,1
5309,EN,zero_shot,1
81283,EN,zero_shot,1
10845,EN,zero_shot,1
55048,EN,zero_shot,1
86263,EN,zero_shot,1
76603,EN,zero_shot,1
74185,EN,zero_shot,1
68622,EN,zero_shot,1
41567,EN,zero_shot,1
34279,EN,zero_shot,1
26872,EN,zero_shot,1
87882,EN,zero_shot,1
93972,EN,zero_shot,1
41280,EN,zero_shot,1
31385,EN,zero_shot,1
34914,EN,zero_shot,1
51976,EN,zero_shot,0
17254,EN,zero_shot,1
84707,EN,zero_shot,0
39421,EN,zero_shot,1
60029,EN,zero_shot,0
41541,EN,zero_shot,1
98648,EN,zero_shot,1
9608,EN,zero_shot,1
1320,EN,zero_shot,1
60168,EN,zero_shot,1
81516,EN,zero_shot,1
73892,EN,zero_shot,0
13204,EN,zero_shot,1
9702,EN,zero_shot,1
70568,EN,zero_shot,1
28038,EN,zero_shot,1
66407,EN,zero_shot,1
17461,EN,zero_shot,1
45845,EN,zero_shot,1
9116,EN,zero_shot,1
32118,EN,zero_shot,1
48534,EN,zero_shot,1
37453,EN,zero_shot,1
20776,EN,zero_shot,1
57533,EN,zero_shot,1
71300,EN,zero_shot,1
92314,EN,zero_shot,1
39751,EN,zero_shot,1
80273,EN,zero_shot,1
85817,EN,zero_shot,1
69429,EN,zero_shot,1
1125,EN,zero_shot,1
87638,EN,zero_shot,1
72792,EN,zero_shot,1
39340,EN,zero_shot,1
87051,EN,zero_shot,1
13677,EN,zero_shot,1
17701,EN,zero_shot,0
34764,EN,zero_shot,0
15229,EN,zero_shot,1
14129,EN,zero_shot,0
97410,EN,zero_shot,1
20474,EN,zero_shot,1
35797,EN,zero_shot,0
37030,EN,zero_shot,1
79376,EN,zero_shot,1
27707,EN,zero_shot,1
94158,EN,zero_shot,1
45042,EN,zero_shot,1
26785,EN,zero_shot,1
90211,EN,zero_shot,1
83230,EN,zero_shot,0
34700,EN,zero_shot,1
66344,EN,zero_shot,1
64132,EN,zero_shot,1
33014,EN,zero_shot,0
6758,EN,zero_shot,1
12197,EN,zero_shot,1
83236,EN,zero_shot,1
55618,EN,zero_shot,0
36365,EN,zero_shot,1
5878,EN,zero_shot,1
564,EN,zero_shot,1
43819,EN,zero_shot,1
17246,EN,zero_shot,0
83607,EN,zero_shot,0
34435,EN,zero_shot,0
21278,EN,zero_shot,0
97254,EN,zero_shot,0
58012,EN,zero_shot,0
72409,EN,zero_shot,0
92593,EN,zero_shot,0
56157,EN,zero_shot,0
73619,EN,zero_shot,0
1367,EN,zero_shot,0
14763,EN,zero_shot,0
9962,EN,zero_shot,0
90673,EN,zero_shot,0
19636,EN,zero_shot,0
71611,EN,zero_shot,0
4822,EN,zero_shot,1
48493,EN,zero_shot,1
76450,EN,zero_shot,1
72520,EN,zero_shot,1
19510,EN,zero_shot,1
56433,EN,zero_shot,1
16804,EN,zero_shot,1
5582,EN,zero_shot,1
40504,EN,zero_shot,1
47895,EN,zero_shot,1
5329,EN,zero_shot,1
46998,EN,zero_shot,1
27635,EN,zero_shot,1
89499,EN,zero_shot,1
32806,EN,zero_shot,1
87516,EN,zero_shot,1
13573,PT,zero_shot,0
46457,PT,zero_shot,0
73485,PT,zero_shot,1
53364,PT,zero_shot,1
81451,PT,zero_shot,0
98335,PT,zero_shot,0
20357,PT,zero_shot,0
31129,PT,zero_shot,1
21399,PT,zero_shot,1
23306,PT,zero_shot,1
54140,PT,zero_shot,1
3348,PT,zero_shot,1
23609,PT,zero_shot,1
96642,PT,zero_shot,1
43640,PT,zero_shot,1
54064,PT,zero_shot,1
87906,PT,zero_shot,1
96445,PT,zero_shot,1
32627,PT,zero_shot,1
35070,PT,zero_shot,1
20966,PT,zero_shot,1
92017,PT,zero_shot,1
14268,PT,zero_shot,1
50240,PT,zero_shot,1
5175,PT,zero_shot,1
61794,PT,zero_shot,1
29254,PT,zero_shot,1
26258,PT,zero_shot,1
60432,PT,zero_shot,1
45930,PT,zero_shot,1
40101,PT,zero_shot,1
29931,PT,zero_shot,1
29319,PT,zero_shot,1
3201,PT,zero_shot,1
86611,PT,zero_shot,1
25413,PT,zero_shot,1
52327,PT,zero_shot,0
43125,PT,zero_shot,1
36617,PT,zero_shot,0
9199,PT,zero_shot,1
36685,PT,zero_shot,1
46125,PT,zero_shot,1
84180,PT,zero_shot,0
66868,PT,zero_shot,0
52486,PT,zero_shot,0
89165,PT,zero_shot,0
70382,PT,zero_shot,0
43504,PT,zero_shot,0
3717,PT,zero_shot,0
15218,PT,zero_shot,0
34337,PT,zero_shot,0
23505,PT,zero_shot,0
76199,PT,zero_shot,1
34895,PT,zero_shot,1
5114,PT,zero_shot,1
14308,PT,zero_shot,1
78293,PT,zero_shot,1
57059,PT,zero_shot,1
45409,PT,zero_shot,1
95591,PT,zero_shot,1
41214,PT,zero_shot,1
57299,PT,zero_shot,1
79557,PT,zero_shot,1
67133,PT,zero_shot,1
15257,PT,zero_shot,1
50588,PT,zero_shot,1
75674,PT,zero_shot,1
25014,PT,zero_shot,1
33486,PT,zero_shot,0
5917,PT,zero_shot,0
93001,PT,zero_shot,0
57254,PT,zero_shot,0
321,PT,zero_shot,0
68246,PT,zero_shot,0
70675,PT,zero_shot,0
90127,PT,zero_shot,0
94397,PT,zero_shot,0
97348,PT,zero_shot,0
96705,PT,zero_shot,0
88000,PT,zero_shot,0
25925,PT,zero_shot,0
47839,PT,zero_shot,0
56631,PT,zero_shot,0
9271,PT,zero_shot,0
87162,PT,zero_shot,0
43379,PT,zero_shot,0
81778,PT,zero_shot,0
41245,PT,zero_shot,0
16434,PT,zero_shot,0
94439,PT,zero_shot,0
39463,PT,zero_shot,1
66569,PT,zero_shot,0
40638,PT,zero_shot,1
87510,PT,zero_shot,1
53628,PT,zero_shot,1
42853,PT,zero_shot,1
52843,PT,zero_shot,1
91484,PT,zero_shot,1
38852,PT,zero_shot,1
72767,PT,zero_shot,1
16783,PT,zero_shot,1
25244,PT,zero_shot,1
55208,PT,zero_shot,1
87253,PT,zero_shot,1
49795,PT,zero_shot,1
88877,PT,zero_shot,1
98159,PT,zero_shot,1
22910,PT,zero_shot,0
80776,PT,zero_shot,0
74693,PT,zero_shot,1
39546,PT,zero_shot,0
53325,PT,zero_shot,0
71919,PT,zero_shot,0
153,PT,zero_shot,1
39929,PT,zero_shot,0
37706,PT,zero_shot,0
27649,PT,zero_shot,1
56446,PT,zero_shot,0
76119,PT,zero_shot,1
79616,PT,zero_shot,0
85913,PT,zero_shot,0
42337,PT,zero_shot,0
61046,PT,zero_shot,0
58005,PT,zero_shot,0
58054,PT,zero_shot,0
88655,PT,zero_shot,1
28110,PT,zero_shot,1
67100,PT,zero_shot,1
62121,PT,zero_shot,1
96563,PT,zero_shot,1
22341,PT,zero_shot,1
86456,PT,zero_shot,1
11214,PT,zero_shot,1
37296,PT,zero_shot,1
67661,PT,zero_shot,1
87112,PT,zero_shot,1
83060,PT,zero_shot,0
81267,PT,zero_shot,0
44033,PT,zero_shot,0
12340,PT,zero_shot,0
98553,PT,zero_shot,0
30884,PT,zero_shot,0
88284,PT,zero_shot,0
40787,PT,zero_shot,0
29544,PT,zero_shot,1
26200,PT,zero_shot,1
19413,PT,zero_shot,1
3301,PT,zero_shot,0
6157,PT,zero_shot,0
32192,PT,zero_shot,0
62377,PT,zero_shot,0
80220,PT,zero_shot,0
9645,PT,zero_shot,1
59792,PT,zero_shot,1
54421,PT,zero_shot,1
82644,PT,zero_shot,0
75554,PT,zero_shot,1
25585,PT,zero_shot,0
94255,PT,zero_shot,0
91372,PT,zero_shot,0
50428,PT,zero_shot,0
64899,PT,zero_shot,0
52483,PT,zero_shot,0
32079,PT,zero_shot,0
19442,PT,zero_shot,0
86090,PT,zero_shot,0
90228,PT,zero_shot,0
826,PT,zero_shot,1
98530,PT,zero_shot,1
14070,PT,zero_shot,1
55824,PT,zero_shot,1
28783,PT,zero_shot,1
23153,PT,zero_shot,1
91314,PT,zero_shot,0
67989,PT,zero_shot,0
60989,PT,zero_shot,0
6682,PT,zero_shot,0
73160,PT,zero_shot,0
32762,PT,zero_shot,0
16006,PT,zero_shot,1
59929,PT,zero_shot,1
17577,PT,zero_shot,1
61001,PT,zero_shot,0
87600,PT,zero_shot,0
69716,PT,zero_shot,0
73359,PT,zero_shot,0
78147,PT,zero_shot,0
41688,PT,zero_shot,0
99092,PT,zero_shot,0
58108,PT,zero_shot,0
80401,PT,zero_shot,0
94376,PT,zero_shot,0
66262,PT,zero_shot,0
56033,PT,zero_shot,0
71910,PT,zero_shot,0
58546,PT,zero_shot,0
20961,PT,zero_shot,0
97572,PT,zero_shot,0
62316,PT,zero_shot,0
59091,PT,zero_shot,0
34072,PT,zero_shot,1
98636,PT,zero_shot,1
32506,PT,zero_shot,1
83679,PT,zero_shot,1
36447,PT,zero_shot,1
68427,PT,zero_shot,1
63617,PT,zero_shot,1
82249,PT,zero_shot,1
31458,PT,zero_shot,1
36092,PT,zero_shot,0
57754,PT,zero_shot,0
10255,PT,zero_shot,0
93625,PT,zero_shot,0
37550,PT,zero_shot,0
30835,PT,zero_shot,0
35714,PT,zero_shot,0
44120,PT,zero_shot,0
42004,PT,zero_shot,1
70898,PT,zero_shot,0
10661,PT,zero_shot,0
18236,PT,zero_shot,0
19869,PT,zero_shot,0
30411,PT,zero_shot,0
50305,PT,zero_shot,0
91057,PT,zero_shot,0
20128,PT,zero_shot,0
92691,PT,zero_shot,1
28143,PT,zero_shot,0
8518,PT,zero_shot,0
54477,PT,zero_shot,0
53524,PT,zero_shot,0
43469,PT,zero_shot,0
71221,PT,zero_shot,0
61169,PT,zero_shot,0
54596,PT,zero_shot,0
8261,PT,zero_shot,0
27210,PT,zero_shot,1
55169,PT,zero_shot,1
51149,PT,zero_shot,0
76656,PT,zero_shot,0
91263,PT,zero_shot,0
2660,PT,zero_shot,0
75556,PT,zero_shot,0
49957,PT,zero_shot,0
62618,PT,zero_shot,1
872,PT,zero_shot,0
46205,PT,zero_shot,1
39239,PT,zero_shot,0
98859,PT,zero_shot,0
51216,PT,zero_shot,0
55021,PT,zero_shot,0
70645,PT,zero_shot,1
98078,PT,zero_shot,0
96389,PT,zero_shot,0
71682,PT,zero_shot,0
79169,PT,zero_shot,0
29006,PT,zero_shot,0
64093,PT,zero_shot,0
28860,PT,zero_shot,0
35874,PT,zero_shot,0
57225,PT,zero_shot,0
63754,PT,zero_shot,0
3904,PT,zero_shot,0
51068,PT,zero_shot,0
44157,PT,zero_shot,0
87770,PT,zero_shot,0
89116,PT,zero_shot,0
53094,PT,zero_shot,0
95019,PT,zero_shot,0
21732,PT,zero_shot,0
61361,PT,zero_shot,0
16828,PT,zero_shot,0
81660,PT,zero_shot,0
70108,PT,zero_shot,0
3634,PT,zero_shot,0
51745,PT,zero_shot,0
77680,PT,zero_shot,0
74075,PT,zero_shot,0
87000,PT,zero_shot,0
83910,EN,one_shot,1
14692,EN,one_shot,1
3378,EN,one_shot,1
97296,EN,one_shot,1
36148,EN,one_shot,1
32198,EN,one_shot,1
29356,EN,one_shot,1
18389,EN,one_shot,1
96630,EN,one_shot,1
13534,EN,one_shot,1
88796,EN,one_shot,1
97180,EN,one_shot,1
71582,EN,one_shot,1
11495,EN,one_shot,0
77497,EN,one_shot,0
55402,EN,one_shot,0
4265,EN,one_shot,0
4005,EN,one_shot,0
12380,EN,one_shot,0
28757,EN,one_shot,0
30595,EN,one_shot,0
66337,EN,one_shot,0
79007,EN,one_shot,0
3578,EN,one_shot,0
73663,EN,one_shot,0
26162,EN,one_shot,0
93950,EN,one_shot,1
85281,EN,one_shot,1
92024,EN,one_shot,1
71526,EN,one_shot,1
55087,EN,one_shot,1
28993,EN,one_shot,1
58978,EN,one_shot,1
77336,EN,one_shot,1
36563,EN,one_shot,1
951,EN,one_shot,1
99558,EN,one_shot,1
21026,EN,one_shot,1
91606,EN,one_shot,1
55492,EN,one_shot,1
44697,EN,one_shot,1
36521,EN,one_shot,1
20479,EN,one_shot,1
28321,EN,one_shot,0
44218,EN,one_shot,0
13496,EN,one_shot,0
12256,EN,one_shot,0
49897,EN,one_shot,0
12776,EN,one_shot,0
47152,EN,one_shot,0
45182,EN,one_shot,0
79231,EN,one_shot,0
34771,EN,one_shot,0
5795,EN,one_shot,0
95747,EN,one_shot,1
60317,EN,one_shot,1
70384,EN,one_shot,1
16461,EN,one_shot,1
49715,EN,one_shot,1
10428,EN,one_shot,0
72457,EN,one_shot,0
38527,EN,one_shot,0
82497,EN,one_shot,0
81170,EN,one_shot,0
47500,EN,one_shot,0
75774,EN,one_shot,0
25303,EN,one_shot,0
92449,EN,one_shot,0
9216,EN,one_shot,0
6106,EN,one_shot,0
86773,EN,one_shot,1
29971,EN,one_shot,1
38030,EN,one_shot,1
10558,EN,one_shot,1
30612,EN,one_shot,1
13338,EN,one_shot,1
49923,EN,one_shot,1
36534,EN,one_shot,1
59529,EN,one_shot,1
83420,EN,one_shot,1
47919,EN,one_shot,1
21419,EN,one_shot,1
48620,EN,one_shot,1
46666,EN,one_shot,1
27560,EN,one_shot,1
87941,EN,one_shot,1
35093,EN,one_shot,1
92088,EN,one_shot,1
89693,EN,one_shot,1
85039,EN,one_shot,1
9458,EN,one_shot,1
79940,EN,one_shot,1
83327,EN,one_shot,1
22531,EN,one_shot,1
70110,EN,one_shot,1
95668,EN,one_shot,1
32187,EN,one_shot,1
21517,EN,one_shot,1
60689,EN,one_shot,1
49835,EN,one_shot,1
35482,EN,one_shot,1
83986,EN,one_shot,1
90298,EN,one_shot,1
73100,EN,one_shot,1
28885,EN,one_shot,1
89833,EN,one_shot,1
42604,EN,one_shot,1
7431,EN,one_shot,0
30121,EN,one_shot,0
4307,EN,one_shot,0
41447,EN,one_shot,0
52681,EN,one_shot,0
35193,EN,one_shot,0
8775,EN,one_shot,0
27753,EN,one_shot,0
74441,EN,one_shot,0
94198,EN,one_shot,0
41345,EN,one_shot,0
27969,EN,one_shot,0
86009,EN,one_shot,0
65535,EN,one_shot,0
51956,EN,one_shot,0
84359,EN,one_shot,1
60242,EN,one_shot,1
18826,EN,one_shot,1
34818,EN,one_shot,1
18401,EN,one_shot,1
32425,EN,one_shot,1
97747,EN,one_shot,1
73679,EN,one_shot,1
70744,EN,one_shot,1
34538,EN,one_shot,1
98012,EN,one_shot,1
76722,EN,one_shot,1
56255,EN,one_shot,1
76584,EN,one_shot,1
52450,EN,one_shot,1
47547,EN,one_shot,1
28846,EN,one_shot,1
18231,EN,one_shot,1
66884,EN,one_shot,1
64786,EN,one_shot,1
12015,EN,one_shot,1
99161,EN,one_shot,1
6275,EN,one_shot,1
14471,EN,one_shot,1
20133,EN,one_shot,1
82340,EN,one_shot,1
21069,EN,one_shot,1
89292,EN,one_shot,1
55433,EN,one_shot,1
78272,EN,one_shot,1
8426,EN,one_shot,1
50532,EN,one_shot,1
50119,EN,one_shot,1
78204,EN,one_shot,1
61448,EN,one_shot,1
69452,EN,one_shot,1
33053,EN,one_shot,0
72612,EN,one_shot,1
1604,EN,one_shot,0
89266,EN,one_shot,0
94566,EN,one_shot,0
15114,EN,one_shot,0
89453,EN,one_shot,0
70481,EN,one_shot,0
98519,EN,one_shot,0
35073,EN,one_shot,0
84112,EN,one_shot,0
44687,EN,one_shot,0
14721,EN,one_shot,0
38569,EN,one_shot,0
57085,EN,one_shot,0
20830,EN,one_shot,1
59570,EN,one_shot,1
525,EN,one_shot,0
94746,EN,one_shot,0
94429,EN,one_shot,0
34622,EN,one_shot,0
65712,EN,one_shot,0
99971,EN,one_shot,0
23516,EN,one_shot,0
66642,EN,one_shot,0
14047,EN,one_shot,0
82059,EN,one_shot,0
39217,EN,one_shot,0
83848,EN,one_shot,0
66640,EN,one_shot,0
79918,EN,one_shot,0
26171,EN,one_shot,1
20132,EN,one_shot,1
49109,EN,one_shot,0
21274,EN,one_shot,0
70797,EN,one_shot,0
69614,EN,one_shot,0
174,EN,one_shot,0
78604,EN,one_shot,0
42587,EN,one_shot,0
64142,EN,one_shot,0
2652,EN,one_shot,0
14762,EN,one_shot,0
47676,EN,one_shot,0
40406,EN,one_shot,1
31485,EN,one_shot,1
7692,EN,one_shot,1
31671,EN,one_shot,1
74464,EN,one_shot,0
10422,EN,one_shot,0
11326,EN,one_shot,0
96032,EN,one_shot,0
63799,EN,one_shot,0
9171,EN,one_shot,0
99793,EN,one_shot,0
69922,EN,one_shot,0
16583,EN,one_shot,0
16928,EN,one_shot,0
86574,EN,one_shot,0
62396,EN,one_shot,0
72163,EN,one_shot,0
21743,EN,one_shot,0
34841,EN,one_shot,1
69263,EN,one_shot,0
79607,EN,one_shot,0
55561,EN,one_shot,0
27860,EN,one_shot,0
70786,EN,one_shot,0
99094,EN,one_shot,0
95773,EN,one_shot,0
90522,EN,one_shot,0
26465,EN,one_shot,0
93547,EN,one_shot,0
40957,EN,one_shot,0
52396,EN,one_shot,0
88139,EN,one_shot,0
85280,EN,one_shot,0
49044,EN,one_shot,0
57522,EN,one_shot,0
67939,EN,one_shot,0
59277,EN,one_shot,0
15960,EN,one_shot,0
32593,EN,one_shot,0
29551,EN,one_shot,0
8492,EN,one_shot,0
44413,EN,one_shot,0
2857,EN,one_shot,0
77210,EN,one_shot,0
72703,EN,one_shot,0
30261,EN,one_shot,0
77228,EN,one_shot,1
28964,EN,one_shot,1
1042,EN,one_shot,1
9405,EN,one_shot,1
92878,EN,one_shot,1
82819,EN,one_shot,1
7816,EN,one_shot,1
30107,EN,one_shot,1
8934,EN,one_shot,1
4217,EN,one_shot,1
43409,EN,one_shot,1
9387,EN,one_shot,0
67491,EN,one_shot,1
31295,EN,one_shot,0
36600,EN,one_shot,0
87784,EN,one_shot,0
63724,EN,one_shot,0
28180,EN,one_shot,0
70778,EN,one_shot,1
17442,EN,one_shot,1
94911,EN,one_shot,0
74947,EN,one_shot,1
75625,EN,one_shot,1
62053,EN,one_shot,1
31950,EN,one_shot,1
62093,EN,one_shot,1
53454,EN,one_shot,1
25057,EN,one_shot,1
12463,EN,one_shot,1
12804,EN,one_shot,1
86474,EN,one_shot,1
56598,EN,one_shot,0
46538,EN,one_shot,1
55619,EN,one_shot,1
53983,EN,one_shot,0
61313,EN,one_shot,1
95661,EN,one_shot,1
7200,EN,one_shot,1
88359,EN,one_shot,1
85749,EN,one_shot,1
84796,EN,one_shot,1
12999,EN,one_shot,0
8044,EN,one_shot,0
52872,EN,one_shot,0
95548,EN,one_shot,0
44573,EN,one_shot,1
14422,EN,one_shot,1
32691,EN,one_shot,1
25212,EN,one_shot,1
25031,EN,one_shot,1
70392,EN,one_shot,1
58900,EN,one_shot,0
18473,EN,one_shot,1
55396,EN,one_shot,0
24150,EN,one_shot,1
36609,EN,one_shot,1
60737,EN,one_shot,1
32842,EN,one_shot,0
9980,EN,one_shot,1
58182,EN,one_shot,1
72232,EN,one_shot,1
12933,EN,one_shot,0
6730,EN,one_shot,0
85577,EN,one_shot,0
70955,EN,one_shot,0
2034,EN,one_shot,0
12324,EN,one_shot,0
98871,EN,one_shot,0
31082,EN,one_shot,0
21898,EN,one_shot,0
53369,EN,one_shot,0
63753,EN,one_shot,0
63192,EN,one_shot,0
28116,EN,one_shot,1
52665,EN,one_shot,1
7785,EN,one_shot,1
21679,EN,one_shot,1
49772,EN,one_shot,1
382,EN,one_shot,1
51273,EN,one_shot,1
34860,EN,one_shot,1
59738,EN,one_shot,1
37488,EN,one_shot,1
55544,EN,one_shot,1
91403,EN,one_shot,1
95848,EN,one_shot,1
72945,EN,one_shot,1
86852,EN,one_shot,1
94263,EN,one_shot,1
63888,EN,one_shot,1
20389,EN,one_shot,1
24990,EN,one_shot,1
38990,EN,one_shot,1
28634,EN,one_shot,1
7765,EN,one_shot,1
76014,EN,one_shot,1
96534,EN,one_shot,1
71166,EN,one_shot,1
8089,EN,one_shot,1
98138,EN,one_shot,1
41204,EN,one_shot,1
7592,EN,one_shot,1
6672,EN,one_shot,1
76669,EN,one_shot,1
62593,EN,one_shot,1
66009,EN,one_shot,1
69715,EN,one_shot,1
20735,EN,one_shot,1
7555,EN,one_shot,1
66662,EN,one_shot,1
10600,EN,one_shot,1
24456,EN,one_shot,1
9081,EN,one_shot,1
78092,EN,one_shot,1
9007,EN,one_shot,1
88601,EN,one_shot,1
30928,EN,one_shot,1
53023,EN,one_shot,1
15813,EN,one_shot,1
74768,EN,one_shot,1
32371,EN,one_shot,1
75980,EN,one_shot,1
78024,EN,one_shot,1
5309,EN,one_shot,1
81283,EN,one_shot,1
10845,EN,one_shot,1
55048,EN,one_shot,1
86263,EN,one_shot,1
76603,EN,one_shot,1
74185,EN,one_shot,1
68622,EN,one_shot,1
41567,EN,one_shot,1
34279,EN,one_shot,1
26872,EN,one_shot,1
87882,EN,one_shot,1
93972,EN,one_shot,1
41280,EN,one_shot,1
31385,EN,one_shot,1
34914,EN,one_shot,1
51976,EN,one_shot,1
17254,EN,one_shot,1
84707,EN,one_shot,1
39421,EN,one_shot,1
60029,EN,one_shot,1
41541,EN,one_shot,1
98648,EN,one_shot,1
9608,EN,one_shot,1
1320,EN,one_shot,1
60168,EN,one_shot,1
81516,EN,one_shot,1
73892,EN,one_shot,1
13204,EN,one_shot,1
9702,EN,one_shot,1
70568,EN,one_shot,1
28038,EN,one_shot,1
66407,EN,one_shot,1
17461,EN,one_shot,1
45845,EN,one_shot,1
9116,EN,one_shot,1
32118,EN,one_shot,1
48534,EN,one_shot,1
37453,EN,one_shot,1
20776,EN,one_shot,1
57533,EN,one_shot,1
71300,EN,one_shot,1
92314,EN,one_shot,1
39751,EN,one_shot,1
80273,EN,one_shot,1
85817,EN,one_shot,1
69429,EN,one_shot,1
1125,EN,one_shot,1
87638,EN,one_shot,1
72792,EN,one_shot,1
39340,EN,one_shot,1
87051,EN,one_shot,1
13677,EN,one_shot,1
17701,EN,one_shot,0
34764,EN,one_shot,0
15229,EN,one_shot,1
14129,EN,one_shot,0
97410,EN,one_shot,1
20474,EN,one_shot,1
35797,EN,one_shot,0
37030,EN,one_shot,1
79376,EN,one_shot,1
27707,EN,one_shot,1
94158,EN,one_shot,1
45042,EN,one_shot,1
26785,EN,one_shot,1
90211,EN,one_shot,0
83230,EN,one_shot,0
34700,EN,one_shot,1
66344,EN,one_shot,1
64132,EN,one_shot,1
33014,EN,one_shot,0
6758,EN,one_shot,1
12197,EN,one_shot,1
83236,EN,one_shot,1
55618,EN,one_shot,1
36365,EN,one_shot,1
5878,EN,one_shot,1
564,EN,one_shot,1
43819,EN,one_shot,1
17246,EN,one_shot,1
83607,EN,one_shot,1
34435,EN,one_shot,1
21278,EN,one_shot,1
97254,EN,one_shot,1
58012,EN,one_shot,1
72409,EN,one_shot,0
92593,EN,one_shot,1
56157,EN,one_shot,1
73619,EN,one_shot,1
1367,EN,one_shot,1
14763,EN,one_shot,1
9962,EN,one_shot,1
90673,EN,one_shot,1
19636,EN,one_shot,1
71611,EN,one_shot,1
4822,EN,one_shot,1
48493,EN,one_shot,1
76450,EN,one_shot,1
72520,EN,one_shot,1
19510,EN,one_shot,1
56433,EN,one_shot,1
16804,EN,one_shot,1
5582,EN,one_shot,1
40504,EN,one_shot,1
47895,EN,one_shot,1
5329,EN,one_shot,1
46998,EN,one_shot,1
27635,EN,one_shot,1
89499,EN,one_shot,1
32806,EN,one_shot,1
87516,EN,one_shot,1
13573,PT,one_shot,1
46457,PT,one_shot,1
73485,PT,one_shot,1
53364,PT,one_shot,1
81451,PT,one_shot,1
98335,PT,one_shot,1
20357,PT,one_shot,1
31129,PT,one_shot,1
21399,PT,one_shot,1
23306,PT,one_shot,1
54140,PT,one_shot,1
3348,PT,one_shot,1
23609,PT,one_shot,1
96642,PT,one_shot,1
43640,PT,one_shot,1
54064,PT,one_shot,1
87906,PT,one_shot,1
96445,PT,one_shot,1
32627,PT,one_shot,1
35070,PT,one_shot,1
20966,PT,one_shot,1
92017,PT,one_shot,1
14268,PT,one_shot,1
50240,PT,one_shot,1
5175,PT,one_shot,1
61794,PT,one_shot,1
29254,PT,one_shot,1
26258,PT,one_shot,1
60432,PT,one_shot,0
45930,PT,one_shot,0
40101,PT,one_shot,1
29931,PT,one_shot,1
29319,PT,one_shot,1
3201,PT,one_shot,0
86611,PT,one_shot,1
25413,PT,one_shot,1
52327,PT,one_shot,0
43125,PT,one_shot,0
36617,PT,one_shot,0
9199,PT,one_shot,1
36685,PT,one_shot,1
46125,PT,one_shot,1
84180,PT,one_shot,0
66868,PT,one_shot,0
52486,PT,one_shot,1
89165,PT,one_shot,1
70382,PT,one_shot,0
43504,PT,one_shot,0
3717,PT,one_shot,0
15218,PT,one_shot,0
34337,PT,one_shot,0
23505,PT,one_shot,0
76199,PT,one_shot,0
34895,PT,one_shot,0
5114,PT,one_shot,1
14308,PT,one_shot,0
78293,PT,one_shot,1
57059,PT,one_shot,0
45409,PT,one_shot,0
95591,PT,one_shot,0
41214,PT,one_shot,0
57299,PT,one_shot,0
79557,PT,one_shot,1
67133,PT,one_shot,1
15257,PT,one_shot,0
50588,PT,one_shot,1
75674,PT,one_shot,1
25014,PT,one_shot,1
33486,PT,one_shot,0
5917,PT,one_shot,0
93001,PT,one_shot,0
57254,PT,one_shot,0
321,PT,one_shot,0
68246,PT,one_shot,0
70675,PT,one_shot,0
90127,PT,one_shot,0
94397,PT,one_shot,0
97348,PT,one_shot,0
96705,PT,one_shot,0
88000,PT,one_shot,0
25925,PT,one_shot,0
47839,PT,one_shot,0
56631,PT,one_shot,0
9271,PT,one_shot,0
87162,PT,one_shot,0
43379,PT,one_shot,0
81778,PT,one_shot,0
41245,PT,one_shot,0
16434,PT,one_shot,0
94439,PT,one_shot,0
39463,PT,one_shot,0
66569,PT,one_shot,0
40638,PT,one_shot,1
87510,PT,one_shot,1
53628,PT,one_shot,1
42853,PT,one_shot,1
52843,PT,one_shot,1
91484,PT,one_shot,1
38852,PT,one_shot,1
72767,PT,one_shot,1
16783,PT,one_shot,1
25244,PT,one_shot,1
55208,PT,one_shot,1
87253,PT,one_shot,1
49795,PT,one_shot,1
88877,PT,one_shot,1
98159,PT,one_shot,1
22910,PT,one_shot,1
80776,PT,one_shot,0
74693,PT,one_shot,1
39546,PT,one_shot,1
53325,PT,one_shot,1
71919,PT,one_shot,1
153,PT,one_shot,1
39929,PT,one_shot,1
37706,PT,one_shot,1
27649,PT,one_shot,1
56446,PT,one_shot,1
76119,PT,one_shot,1
79616,PT,one_shot,1
85913,PT,one_shot,1
42337,PT,one_shot,0
61046,PT,one_shot,1
58005,PT,one_shot,1
58054,PT,one_shot,1
88655,PT,one_shot,0
28110,PT,one_shot,0
67100,PT,one_shot,0
62121,PT,one_shot,0
96563,PT,one_shot,0
22341,PT,one_shot,0
86456,PT,one_shot,0
11214,PT,one_shot,0
37296,PT,one_shot,0
67661,PT,one_shot,0
87112,PT,one_shot,0
83060,PT,one_shot,0
81267,PT,one_shot,0
44033,PT,one_shot,0
12340,PT,one_shot,0
98553,PT,one_shot,0
30884,PT,one_shot,0
88284,PT,one_shot,0
40787,PT,one_shot,0
29544,PT,one_shot,1
26200,PT,one_shot,1
19413,PT,one_shot,1
3301,PT,one_shot,0
6157,PT,one_shot,1
32192,PT,one_shot,0
62377,PT,one_shot,0
80220,PT,one_shot,0
9645,PT,one_shot,1
59792,PT,one_shot,1
54421,PT,one_shot,1
82644,PT,one_shot,0
75554,PT,one_shot,1
25585,PT,one_shot,0
94255,PT,one_shot,0
91372,PT,one_shot,0
50428,PT,one_shot,0
64899,PT,one_shot,0
52483,PT,one_shot,0
32079,PT,one_shot,0
19442,PT,one_shot,0
86090,PT,one_shot,0
90228,PT,one_shot,0
826,PT,one_shot,1
98530,PT,one_shot,1
14070,PT,one_shot,0
55824,PT,one_shot,1
28783,PT,one_shot,1
23153,PT,one_shot,1
91314,PT,one_shot,0
67989,PT,one_shot,0
60989,PT,one_shot,0
6682,PT,one_shot,0
73160,PT,one_shot,0
32762,PT,one_shot,0
16006,PT,one_shot,1
59929,PT,one_shot,1
17577,PT,one_shot,1
61001,PT,one_shot,0
87600,PT,one_shot,0
69716,PT,one_shot,0
73359,PT,one_shot,0
78147,PT,one_shot,0
41688,PT,one_shot,0
99092,PT,one_shot,0
58108,PT,one_shot,0
80401,PT,one_shot,0
94376,PT,one_shot,0
66262,PT,one_shot,0
56033,PT,one_shot,0
71910,PT,one_shot,0
58546,PT,one_shot,0
20961,PT,one_shot,0
97572,PT,one_shot,0
62316,PT,one_shot,0
59091,PT,one_shot,0
34072,PT,one_shot,0
98636,PT,one_shot,0
32506,PT,one_shot,0
83679,PT,one_shot,0
36447,PT,one_shot,0
68427,PT,one_shot,0
63617,PT,one_shot,0
82249,PT,one_shot,0
31458,PT,one_shot,1
36092,PT,one_shot,0
57754,PT,one_shot,0
10255,PT,one_shot,0
93625,PT,one_shot,0
37550,PT,one_shot,0
30835,PT,one_shot,0
35714,PT,one_shot,0
44120,PT,one_shot,0
42004,PT,one_shot,0
70898,PT,one_shot,0
10661,PT,one_shot,0
18236,PT,one_shot,0
19869,PT,one_shot,0
30411,PT,one_shot,0
50305,PT,one_shot,0
91057,PT,one_shot,0
20128,PT,one_shot,0
92691,PT,one_shot,1
28143,PT,one_shot,0
8518,PT,one_shot,0
54477,PT,one_shot,0
53524,PT,one_shot,0
43469,PT,one_shot,0
71221,PT,one_shot,0
61169,PT,one_shot,0
54596,PT,one_shot,0
8261,PT,one_shot,0
27210,PT,one_shot,1
55169,PT,one_shot,1
51149,PT,one_shot,1
76656,PT,one_shot,1
91263,PT,one_shot,1
2660,PT,one_shot,1
75556,PT,one_shot,1
49957,PT,one_shot,1
62618,PT,one_shot,1
872,PT,one_shot,1
46205,PT,one_shot,1
39239,PT,one_shot,1
98859,PT,one_shot,1
51216,PT,one_shot,1
55021,PT,one_shot,1
70645,PT,one_shot,1
98078,PT,one_shot,1
96389,PT,one_shot,1
71682,PT,one_shot,0
79169,PT,one_shot,0
29006,PT,one_shot,0
64093,PT,one_shot,0
28860,PT,one_shot,0
35874,PT,one_shot,0
57225,PT,one_shot,0
63754,PT,one_shot,0
3904,PT,one_shot,0
51068,PT,one_shot,0
44157,PT,one_shot,0
87770,PT,one_shot,0
89116,PT,one_shot,0
53094,PT,one_shot,0
95019,PT,one_shot,0
21732,PT,one_shot,0
61361,PT,one_shot,0
16828,PT,one_shot,0
81660,PT,one_shot,0
70108,PT,one_shot,0
3634,PT,one_shot,0
51745,PT,one_shot,0
77680,PT,one_shot,0
74075,PT,one_shot,0
87000,PT,one_shot,0
